"year";"month";"temp";"prec"
"1881";"1";"-9,0";"28"
"1881";"2";"-3,8";"63"
"1881";"3";"-1,1";"232"
"1881";"4";"0,9";"58"
"1881";"5";"7,1";"73"
"1881";"6";"10,8";"117"
"1881";"7";"14,5";"112"
"1881";"8";"12,6";"164"
"1881";"9";"8,1";"108"
"1881";"10";"1,6";"80"
"1881";"11";"1,2";"34"
"1881";"12";"-2,5";"69"
"1882";"1";"-3,4";"30"
"1882";"2";"-3,1";"64"
"1882";"3";"1,8";"46"
"1882";"4";"3,0";"67"
"1882";"5";"7,6";"116"
"1882";"6";"9,8";"167"
"1882";"7";"12,3";"186"
"1882";"8";"10,4";"180"
"1882";"9";"9,2";"125"
"1882";"10";"5,6";"90"
"1882";"11";"0,4";"254"
"1882";"12";"-2,8";"232"
"1883";"1";"-4,1";"96"
"1883";"2";"-2,0";"43"
"1883";"3";"-5,8";"72"
"1883";"4";"1,1";"23"
"1883";"5";"8,2";"45"
"1883";"6";"11,9";"189"
"1883";"7";"12,4";"180"
"1883";"8";"11,6";"84"
"1883";"9";"9,8";"98"
"1883";"10";"4,7";"99"
"1883";"11";"0,2";"78"
"1883";"12";"-3,2";"185"
"1884";"1";"-1,1";"108"
"1884";"2";"-1,3";"38"
"1884";"3";"0,5";"36"
"1884";"4";"1,6";"34"
"1884";"5";"8,6";"69"
"1884";"6";"8,5";"244"
"1884";"7";"14,0";"128"
"1884";"8";"12,6";"125"
"1884";"9";"10,1";"64"
"1884";"10";"4,2";"208"
"1884";"11";"-2,2";"93"
"1884";"12";"-1,9";"136"
"1885";"1";"-7,0";"16"
"1885";"2";"-1,6";"29"
"1885";"3";"-1,5";"80"
"1885";"4";"5,3";"24"
"1885";"5";"6,0";"100"
"1885";"6";"13,0";"49"
"1885";"7";"13,3";"104"
"1885";"8";"11,0";"78"
"1885";"9";"9,5";"158"
"1885";"10";"4,2";"115"
"1885";"11";"-0,1";"172"
"1885";"12";"-4,1";"88"
"1886";"1";"-5,3";"57"
"1886";"2";"-5,9";"26"
"1886";"3";"-3,8";"96"
"1886";"4";"4,8";"55"
"1886";"5";"8,5";"68"
"1886";"6";"10,0";"210"
"1886";"7";"12,8";"111"
"1886";"8";"12,8";"133"
"1886";"9";"11,6";"81"
"1886";"10";"6,3";"65"
"1886";"11";"1,0";"57"
"1886";"12";"-2,4";"157"
"1887";"1";"-8,0";"7"
"1887";"2";"-5,5";"17"
"1887";"3";"-3,2";"118"
"1887";"4";"2,7";"35"
"1887";"5";"5,7";"149"
"1887";"6";"11,1";"42"
"1887";"7";"15,1";"134"
"1887";"8";"11,7";"84"
"1887";"9";"8,8";"68"
"1887";"10";"1,8";"44"
"1887";"11";"-0,7";"69"
"1887";"12";"-4,9";"117"
"1888";"1";"-6,1";"90"
"1888";"2";"-5,7";"120"
"1888";"3";"-2,6";"195"
"1888";"4";"1,5";"89"
"1888";"5";"8,3";"59"
"1888";"6";"12,0";"107"
"1888";"7";"10,6";"235"
"1888";"8";"11,1";"178"
"1888";"9";"9,0";"105"
"1888";"10";"2,9";"102"
"1888";"11";"-1,1";"85"
"1888";"12";"-3,1";"26"
"1889";"1";"-5,7";"47"
"1889";"2";"-6,5";"177"
"1889";"3";"-4,5";"103"
"1889";"4";"2,4";"63"
"1889";"5";"11,5";"72"
"1889";"6";"13,9";"128"
"1889";"7";"12,3";"124"
"1889";"8";"11,4";"113"
"1889";"9";"7,3";"159"
"1889";"10";"4,9";"98"
"1889";"11";"-1,1";"53"
"1889";"12";"-5,2";"58"
"1890";"1";"-1,6";"134"
"1890";"2";"-6,7";"8"
"1890";"3";"-0,1";"68"
"1890";"4";"2,8";"93"
"1890";"5";"9,5";"82"
"1890";"6";"9,5";"174"
"1890";"7";"11,5";"148"
"1890";"8";"13,0";"239"
"1890";"9";"9,0";"105"
"1890";"10";"3,4";"135"
"1890";"11";"-0,6";"169"
"1890";"12";"-7,7";"3"
"1891";"1";"-9,3";"109"
"1891";"2";"-6,8";"45"
"1891";"3";"-1,1";"110"
"1891";"4";"0,8";"87"
"1891";"5";"9,7";"72"
"1891";"6";"11,5";"138"
"1891";"7";"12,5";"175"
"1891";"8";"11,4";"124"
"1891";"9";"10,0";"76"
"1891";"10";"6,3";"48"
"1891";"11";"-1,9";"89"
"1891";"12";"-2,8";"194"
"1892";"1";"-4,7";"135"
"1892";"2";"-2,8";"139"
"1892";"3";"-3,2";"60"
"1892";"4";"3,1";"72"
"1892";"5";"8,0";"120"
"1892";"6";"12,2";"152"
"1892";"7";"12,3";"173"
"1892";"8";"14,6";"78"
"1892";"9";"10,5";"129"
"1892";"10";"4,4";"126"
"1892";"11";"-1,1";"40"
"1892";"12";"-6,7";"144"
"1893";"1";"-12,6";"121"
"1893";"2";"-2,5";"161"
"1893";"3";"0,0";"108"
"1893";"4";"4,3";"27"
"1893";"5";"7,8";"113"
"1893";"6";"11,8";"127"
"1893";"7";"13,5";"131"
"1893";"8";"12,9";"79"
"1893";"9";"9,6";"120"
"1893";"10";"6,2";"95"
"1893";"11";"-1,5";"98"
"1893";"12";"-4,4";"76"
"1894";"1";"-7,9";"50"
"1894";"2";"-2,4";"150"
"1894";"3";"0,4";"77"
"1894";"4";"5,7";"62"
"1894";"5";"7,9";"135"
"1894";"6";"10,4";"159"
"1894";"7";"13,9";"198"
"1894";"8";"12,2";"184"
"1894";"9";"8,2";"194"
"1894";"10";"5,3";"178"
"1894";"11";"0,7";"57"
"1894";"12";"-3,8";"157"
"1895";"1";"-8,6";"94"
"1895";"2";"-11,6";"53"
"1895";"3";"-3,1";"124"
"1895";"4";"3,1";"91"
"1895";"5";"7,0";"241"
"1895";"6";"11,2";"203"
"1895";"7";"13,4";"127"
"1895";"8";"11,4";"166"
"1895";"9";"11,6";"63"
"1895";"10";"3,7";"104"
"1895";"11";"1,0";"113"
"1895";"12";"-4,5";"193"
"1896";"1";"-6,6";"119"
"1896";"2";"-5,4";"43"
"1896";"3";"0,2";"156"
"1896";"4";"0,4";"147"
"1896";"5";"6,0";"90"
"1896";"6";"11,6";"198"
"1896";"7";"12,5";"116"
"1896";"8";"9,9";"179"
"1896";"9";"8,7";"82"
"1896";"10";"5,6";"39"
"1896";"11";"-2,0";"54"
"1896";"12";"-4,6";"71"
"1897";"1";"-5,8";"81"
"1897";"2";"-2,9";"145"
"1897";"3";"0,4";"145"
"1897";"4";"2,8";"88"
"1897";"5";"6,0";"167"
"1897";"6";"12,7";"139"
"1897";"7";"12,1";"309"
"1897";"8";"12,3";"162"
"1897";"9";"8,9";"149"
"1897";"10";"3,8";"45"
"1897";"11";"-1,6";"75"
"1897";"12";"-3,7";"76"
"1898";"1";"-1,9";"91"
"1898";"2";"-3,9";"157"
"1898";"3";"-0,4";"100"
"1898";"4";"3,6";"113"
"1898";"5";"8,0";"133"
"1898";"6";"10,5";"93"
"1898";"7";"10,6";"130"
"1898";"8";"13,9";"87"
"1898";"9";"9,7";"43"
"1898";"10";"6,2";"82"
"1898";"11";"1,5";"55"
"1898";"12";"-3,1";"119"
"1899";"1";"-2,4";"140"
"1899";"2";"-2,9";"60"
"1899";"3";"-1,9";"53"
"1899";"4";"2,7";"162"
"1899";"5";"6,6";"168"
"1899";"6";"10,8";"85"
"1899";"7";"12,3";"161"
"1899";"8";"11,6";"127"
"1899";"9";"8,5";"248"
"1899";"10";"4,2";"51"
"1899";"11";"1,1";"81"
"1899";"12";"-8,0";"101"
"1900";"1";"-3,5";"174"
"1900";"2";"-2,5";"119"
"1900";"3";"-4,4";"103"
"1900";"4";"0,9";"96"
"1900";"5";"6,5";"96"
"1900";"6";"11,8";"139"
"1900";"7";"13,8";"111"
"1900";"8";"11,9";"53"
"1900";"9";"10,5";"47"
"1900";"10";"4,6";"113"
"1900";"11";"1,3";"64"
"1900";"12";"-2,1";"151"
"1901";"1";"-7,0";"67"
"1901";"2";"-8,8";"60"
"1901";"3";"-1,4";"74"
"1901";"4";"3,7";"89"
"1901";"5";"8,8";"65"
"1901";"6";"12,3";"148"
"1901";"7";"13,9";"166"
"1901";"8";"12,0";"112"
"1901";"9";"10,1";"65"
"1901";"10";"6,0";"122"
"1901";"11";"-2,2";"96"
"1901";"12";"-2,8";"105"
"1902";"1";"-2,0";"231"
"1902";"2";"-3,1";"38"
"1902";"3";"-1,3";"159"
"1902";"4";"4,0";"56"
"1902";"5";"4,1";"184"
"1902";"6";"10,8";"145"
"1902";"7";"11,7";"164"
"1902";"8";"11,2";"120"
"1902";"9";"8,7";"80"
"1902";"10";"4,3";"83"
"1902";"11";"-1,9";"11"
"1902";"12";"-5,2";"209"
"1903";"1";"-4,2";"128"
"1903";"2";"-1,7";"54"
"1903";"3";"0,8";"45"
"1903";"4";"0,4";"115"
"1903";"5";"8,6";"60"
"1903";"6";"11,1";"48"
"1903";"7";"12,0";"243"
"1903";"8";"11,3";"176"
"1903";"9";"9,8";"62"
"1903";"10";"6,0";"129"
"1903";"11";"0,6";"178"
"1903";"12";"-4,9";"8"
"1904";"1";"-5,3";"73"
"1904";"2";"-2,7";"159"
"1904";"3";"0,3";"50"
"1904";"4";"4,8";"95"
"1904";"5";"8,0";"102"
"1904";"6";"11,8";"100"
"1904";"7";"14,7";"53"
"1904";"8";"12,5";"59"
"1904";"9";"8,1";"89"
"1904";"10";"5,1";"132"
"1904";"11";"-1,4";"84"
"1904";"12";"-2,9";"109"
"1905";"1";"-6,6";"137"
"1905";"2";"-3,2";"107"
"1905";"3";"-0,2";"148"
"1905";"4";"1,1";"113"
"1905";"5";"7,7";"63"
"1905";"6";"12,4";"75"
"1905";"7";"14,8";"94"
"1905";"8";"12,5";"133"
"1905";"9";"9,9";"81"
"1905";"10";"-0,1";"162"
"1905";"11";"-0,5";"117"
"1905";"12";"-3,5";"109"
"1906";"1";"-3,6";"105"
"1906";"2";"-4,5";"70"
"1906";"3";"-1,9";"161"
"1906";"4";"3,6";"61"
"1906";"5";"8,6";"113"
"1906";"6";"10,4";"141"
"1906";"7";"13,1";"150"
"1906";"8";"11,8";"93"
"1906";"9";"7,9";"218"
"1906";"10";"6,1";"49"
"1906";"11";"1,9";"56"
"1906";"12";"-5,8";"124"
"1907";"1";"-4,6";"177"
"1907";"2";"-5,7";"71"
"1907";"3";"-2,6";"108"
"1907";"4";"1,0";"99"
"1907";"5";"9,5";"65"
"1907";"6";"11,2";"77"
"1907";"7";"10,5";"238"
"1907";"8";"11,8";"129"
"1907";"9";"9,7";"57"
"1907";"10";"8,6";"35"
"1907";"11";"-0,4";"77"
"1907";"12";"-2,5";"136"
"1908";"1";"-6,7";"113"
"1908";"2";"-3,5";"178"
"1908";"3";"-2,0";"52"
"1908";"4";"1,2";"118"
"1908";"5";"9,9";"129"
"1908";"6";"13,2";"122"
"1908";"7";"12,5";"130"
"1908";"8";"10,1";"130"
"1908";"9";"7,5";"97"
"1908";"10";"5,1";"2"
"1908";"11";"-2,5";"100"
"1908";"12";"-4,7";"32"
"1909";"1";"-5,5";"65"
"1909";"2";"-6,8";"241"
"1909";"3";"-2,3";"48"
"1909";"4";"3,2";"111"
"1909";"5";"6,7";"65"
"1909";"6";"10,5";"170"
"1909";"7";"10,3";"370"
"1909";"8";"12,3";"45"
"1909";"9";"9,2";"101"
"1909";"10";"6,5";"79"
"1909";"11";"-2,3";"148"
"1909";"12";"-2,0";"163"
"1910";"1";"-3,5";"125"
"1910";"2";"-2,2";"82"
"1910";"3";"-0,5";"39"
"1910";"4";"2,9";"126"
"1910";"5";"7,8";"116"
"1910";"6";"12,1";"154"
"1910";"7";"10,9";"209"
"1910";"8";"11,3";"130"
"1910";"9";"8,0";"140"
"1910";"10";"6,2";"45"
"1910";"11";"-1,7";"229"
"1910";"12";"-1,5";"92"
"1911";"1";"-6,5";"58"
"1911";"2";"-4,0";"122"
"1911";"3";"-0,1";"46"
"1911";"4";"2,5";"98"
"1911";"5";"8,7";"109"
"1911";"6";"11,0";"67"
"1911";"7";"14,8";"32"
"1911";"8";"14,4";"68"
"1911";"9";"10,4";"40"
"1911";"10";"5,2";"50"
"1911";"11";"0,8";"60"
"1911";"12";"-1,6";"177"
"1912";"1";"-5,6";"127"
"1912";"2";"-1,5";"86"
"1912";"3";"1,4";"108"
"1912";"4";"1,9";"71"
"1912";"5";"8,0";"134"
"1912";"6";"11,9";"228"
"1912";"7";"12,8";"192"
"1912";"8";"9,4";"211"
"1912";"9";"4,6";"164"
"1912";"10";"2,5";"68"
"1912";"11";"-3,4";"129"
"1912";"12";"-2,2";"96"
"1913";"1";"-4,7";"114"
"1913";"2";"-3,6";"38"
"1913";"3";"1,5";"68"
"1913";"4";"3,3";"104"
"1913";"5";"7,6";"111"
"1913";"6";"10,5";"190"
"1913";"7";"9,7";"196"
"1913";"8";"10,3";"165"
"1913";"9";"9,0";"119"
"1913";"10";"6,1";"49"
"1913";"11";"2,3";"166"
"1913";"12";"-2,5";"184"
"1914";"1";"-8,1";"81"
"1914";"2";"-3,3";"47"
"1914";"3";"0,1";"231"
"1914";"4";"5,4";"51"
"1914";"5";"7,3";"123"
"1914";"6";"10,5";"96"
"1914";"7";"12,0";"202"
"1914";"8";"12,9";"96"
"1914";"9";"8,3";"190"
"1914";"10";"4,4";"99"
"1914";"11";"-0,5";"61"
"1914";"12";"-1,4";"82"
"1915";"1";"-4,0";"215"
"1915";"2";"-3,2";"42"
"1915";"3";"-2,5";"216"
"1915";"4";"2,7";"72"
"1915";"5";"10,1";"64"
"1915";"6";"14,0";"62"
"1915";"7";"12,2";"143"
"1915";"8";"10,7";"141"
"1915";"9";"7,5";"143"
"1915";"10";"3,1";"151"
"1915";"11";"-2,9";"106"
"1915";"12";"0,2";"250"
"1916";"1";"-0,4";"192"
"1916";"2";"-2,9";"151"
"1916";"3";"1,8";"60"
"1916";"4";"4,3";"102"
"1916";"5";"9,5";"68"
"1916";"6";"9,2";"186"
"1916";"7";"12,2";"166"
"1916";"8";"11,8";"165"
"1916";"9";"8,2";"92"
"1916";"10";"4,8";"107"
"1916";"11";"0,8";"49"
"1916";"12";"-1,4";"116"
"1917";"1";"-5,6";"138"
"1917";"2";"-7,1";"22"
"1917";"3";"-3,3";"81"
"1917";"4";"-0,4";"170"
"1917";"5";"11,0";"91"
"1917";"6";"14,3";"88"
"1917";"7";"13,5";"104"
"1917";"8";"12,5";"145"
"1917";"9";"10,8";"59"
"1917";"10";"4,0";"127"
"1917";"11";"0,2";"100"
"1917";"12";"-6,6";"57"
"1918";"1";"-3,8";"109"
"1918";"2";"-3,0";"107"
"1918";"3";"0,6";"32"
"1918";"4";"5,6";"69"
"1918";"5";"9,9";"62"
"1918";"6";"9,0";"96"
"1918";"7";"12,3";"236"
"1918";"8";"11,6";"90"
"1918";"9";"10,0";"114"
"1918";"10";"4,1";"73"
"1918";"11";"-0,7";"29"
"1918";"12";"-0,2";"250"
"1919";"1";"-1,8";"36"
"1919";"2";"-5,0";"68"
"1919";"3";"-0,7";"138"
"1919";"4";"1,0";"158"
"1919";"5";"6,0";"74"
"1919";"6";"10,8";"204"
"1919";"7";"10,1";"112"
"1919";"8";"12,2";"61"
"1919";"9";"11,6";"68"
"1919";"10";"2,9";"103"
"1919";"11";"-2,2";"198"
"1919";"12";"-3,1";"252"
"1920";"1";"-1,1";"238"
"1920";"2";"-1,5";"76"
"1920";"3";"1,6";"35"
"1920";"4";"5,6";"95"
"1920";"5";"10,4";"118"
"1920";"6";"10,7";"58"
"1920";"7";"13,0";"194"
"1920";"8";"10,9";"206"
"1920";"9";"9,7";"124"
"1920";"10";"4,5";"2"
"1920";"11";"-2,1";"9"
"1920";"12";"-2,3";"104"
"1921";"1";"0,2";"206"
"1921";"2";"-2,8";"48"
"1921";"3";"0,9";"12"
"1921";"4";"3,3";"65"
"1921";"5";"10,6";"44"
"1921";"6";"10,5";"158"
"1921";"7";"15,0";"82"
"1921";"8";"13,3";"222"
"1921";"9";"9,6";"58"
"1921";"10";"6,8";"120"
"1921";"11";"-3,0";"64"
"1921";"12";"-3,8";"155"
"1922";"1";"-6,3";"186"
"1922";"2";"-5,2";"125"
"1922";"3";"0,1";"121"
"1922";"4";"1,8";"136"
"1922";"5";"9,2";"100"
"1922";"6";"12,1";"164"
"1922";"7";"11,6";"193"
"1922";"8";"12,0";"138"
"1922";"9";"7,6";"220"
"1922";"10";"2,5";"132"
"1922";"11";"-1,8";"170"
"1922";"12";"-2,9";"201"
"1923";"1";"-3,9";"145"
"1923";"2";"-2,8";"169"
"1923";"3";"0,8";"61"
"1923";"4";"2,8";"83"
"1923";"5";"8,6";"112"
"1923";"6";"7,8";"173"
"1923";"7";"14,3";"89"
"1923";"8";"12,3";"106"
"1923";"9";"9,7";"105"
"1923";"10";"6,9";"296"
"1923";"11";"0,0";"116"
"1923";"12";"-5,0";"188"
"1924";"1";"-7,4";"85"
"1924";"2";"-6,8";"108"
"1924";"3";"-2,1";"66"
"1924";"4";"2,3";"200"
"1924";"5";"9,9";"212"
"1924";"6";"11,4";"177"
"1924";"7";"12,7";"235"
"1924";"8";"10,4";"193"
"1924";"9";"10,3";"134"
"1924";"10";"5,6";"45"
"1924";"11";"-0,9";"118"
"1924";"12";"-3,5";"34"
"1925";"1";"-2,9";"96"
"1925";"2";"-0,8";"72"
"1925";"3";"-3,0";"105"
"1925";"4";"4,2";"115"
"1925";"5";"9,6";"60"
"1925";"6";"11,2";"52"
"1925";"7";"12,9";"176"
"1925";"8";"12,1";"330"
"1925";"9";"7,5";"118"
"1925";"10";"4,9";"117"
"1925";"11";"-1,7";"84"
"1925";"12";"-4,7";"201"
"1926";"1";"-4,0";"106"
"1926";"2";"0,6";"96"
"1926";"3";"-0,6";"138"
"1926";"4";"5,1";"54"
"1926";"5";"7,4";"137"
"1926";"6";"9,2";"342"
"1926";"7";"12,3";"392"
"1926";"8";"11,3";"125"
"1926";"9";"10,5";"105"
"1926";"10";"5,2";"146"
"1926";"11";"2,7";"48"
"1926";"12";"-3,9";"128"
"1927";"1";"-2,5";"82"
"1927";"2";"-3,8";"52"
"1927";"3";"1,2";"90"
"1927";"4";"2,9";"212"
"1927";"5";"7,6";"72"
"1927";"6";"11,6";"144"
"1927";"7";"12,9";"240"
"1927";"8";"12,3";"158"
"1927";"9";"10,0";"215"
"1927";"10";"4,1";"57"
"1927";"11";"0,0";"57"
"1927";"12";"-5,8";"27"
"1928";"1";"-2,4";"114"
"1928";"2";"-2,4";"167"
"1928";"3";"-0,8";"57"
"1928";"4";"3,5";"89"
"1928";"5";"5,8";"197"
"1928";"6";"10,6";"104"
"1928";"7";"15,1";"55"
"1928";"8";"12,7";"170"
"1928";"9";"9,0";"30"
"1928";"10";"4,6";"106"
"1928";"11";"2,4";"170"
"1928";"12";"-4,5";"116"
"1929";"1";"-10,5";"68"
"1929";"2";"-14,0";"30"
"1929";"3";"-3,1";"14"
"1929";"4";"0,0";"63"
"1929";"5";"9,0";"108"
"1929";"6";"10,7";"174"
"1929";"7";"13,6";"204"
"1929";"8";"13,4";"94"
"1929";"9";"11,1";"31"
"1929";"10";"6,5";"99"
"1929";"11";"0,6";"56"
"1929";"12";"-0,3";"122"
"1930";"1";"-3,7";"34"
"1930";"2";"-5,1";"17"
"1930";"3";"0,4";"69"
"1930";"4";"4,0";"118"
"1930";"5";"7,4";"194"
"1930";"6";"14,8";"62"
"1930";"7";"12,4";"199"
"1930";"8";"11,5";"186"
"1930";"9";"9,7";"120"
"1930";"10";"4,9";"246"
"1930";"11";"2,2";"221"
"1930";"12";"-3,3";"73"
"1931";"1";"-4,1";"159"
"1931";"2";"-5,8";"76"
"1931";"3";"-5,1";"38"
"1931";"4";"0,7";"102"
"1931";"5";"11,0";"78"
"1931";"6";"12,8";"116"
"1931";"7";"12,6";"220"
"1931";"8";"11,1";"253"
"1931";"9";"5,7";"183"
"1931";"10";"3,1";"77"
"1931";"11";"-0,8";"20"
"1931";"12";"-5,0";"135"
"1932";"1";"-3,8";"138"
"1932";"2";"-7,0";"38"
"1932";"3";"-3,8";"34"
"1932";"4";"2,6";"60"
"1932";"5";"8,3";"279"
"1932";"6";"10,2";"104"
"1932";"7";"13,5";"181"
"1932";"8";"14,1";"77"
"1932";"9";"12,3";"102"
"1932";"10";"5,4";"144"
"1932";"11";"-0,3";"86"
"1932";"12";"-4,7";"9"
"1933";"1";"-8,8";"61"
"1933";"2";"-4,6";"136"
"1933";"3";"-0,5";"41"
"1933";"4";"1,9";"66"
"1933";"5";"6,7";"100"
"1933";"6";"9,2";"191"
"1933";"7";"13,2";"187"
"1933";"8";"12,3";"146"
"1933";"9";"8,8";"32"
"1933";"10";"5,2";"98"
"1933";"11";"-1,4";"80"
"1933";"12";"-8,2";"36"
"1934";"1";"-4,4";"82"
"1934";"2";"-4,8";"43"
"1934";"3";"0,3";"51"
"1934";"4";"5,6";"104"
"1934";"5";"9,5";"30"
"1934";"6";"11,7";"184"
"1934";"7";"13,7";"88"
"1934";"8";"12,0";"146"
"1934";"9";"11,2";"65"
"1934";"10";"5,4";"148"
"1934";"11";"-0,1";"70"
"1934";"12";"1,1";"104"
"1935";"1";"-5,8";"156"
"1935";"2";"-3,2";"230"
"1935";"3";"-2,1";"53"
"1935";"4";"2,4";"233"
"1935";"5";"6,4";"90"
"1935";"6";"13,4";"129"
"1935";"7";"13,3";"91"
"1935";"8";"12,6";"23"
"1935";"9";"9,6";"146"
"1935";"10";"5,7";"205"
"1935";"11";"0,8";"45"
"1935";"12";"-4,0";"93"
"1936";"1";"-1,5";"115"
"1936";"2";"-3,6";"81"
"1936";"3";"1,2";"37"
"1936";"4";"3,1";"113"
"1936";"5";"8,3";"130"
"1936";"6";"11,3";"328"
"1936";"7";"12,5";"189"
"1936";"8";"11,2";"132"
"1936";"9";"9,4";"113"
"1936";"10";"2,4";"227"
"1936";"11";"-0,8";"74"
"1936";"12";"-3,1";"117"
"1937";"1";"-5,6";"125"
"1937";"2";"-2,4";"257"
"1937";"3";"-0,1";"72"
"1937";"4";"3,2";"198"
"1937";"5";"10,4";"92"
"1937";"6";"12,7";"161"
"1937";"7";"12,8";"170"
"1937";"8";"12,5";"104"
"1937";"9";"9,7";"105"
"1937";"10";"5,6";"77"
"1937";"11";"-0,3";"59"
"1937";"12";"-4,2";"111"
"1938";"1";"-3,0";"270"
"1938";"2";"-3,6";"85"
"1938";"3";"1,7";"105"
"1938";"4";"-0,1";"84"
"1938";"5";"6,5";"143"
"1938";"6";"12,3";"106"
"1938";"7";"12,7";"164"
"1938";"8";"12,6";"217"
"1938";"9";"9,2";"76"
"1938";"10";"5,2";"85"
"1938";"11";"2,1";"110"
"1938";"12";"-5,9";"73"
"1939";"1";"-2,3";"116"
"1939";"2";"-4,5";"97"
"1939";"3";"-3,3";"233"
"1939";"4";"5,2";"55"
"1939";"5";"6,3";"129"
"1939";"6";"12,1";"141"
"1939";"7";"12,4";"153"
"1939";"8";"13,1";"100"
"1939";"9";"9,1";"144"
"1939";"10";"3,4";"192"
"1939";"11";"1,1";"209"
"1939";"12";"-6,8";"184"
"1940";"1";"-13,8";"40"
"1940";"2";"-7,9";"78"
"1940";"3";"-2,2";"163"
"1940";"4";"3,6";"76"
"1940";"5";"7,4";"150"
"1940";"6";"12,2";"99"
"1940";"7";"11,8";"298"
"1940";"8";"10,1";"205"
"1940";"9";"9,5";"185"
"1940";"10";"4,9";"71"
"1940";"11";"1,1";"130"
"1940";"12";"-8,0";"163"
"1941";"1";"-9,0";"196"
"1941";"2";"-4,0";"73"
"1941";"3";"-1,0";"139"
"1941";"4";"1,3";"96"
"1941";"5";"4,9";"112"
"1941";"6";"11,8";"133"
"1941";"7";"13,4";"186"
"1941";"8";"11,0";"206"
"1941";"9";"7,9";"103"
"1941";"10";"4,5";"260"
"1941";"11";"-2,2";"40"
"1941";"12";"-3,5";"136"
"1942";"1";"-12,8";"91"
"1942";"2";"-9,1";"44"
"1942";"3";"-2,1";"55"
"1942";"4";"2,8";"70"
"1942";"5";"8,0";"80"
"1942";"6";"11,1";"83"
"1942";"7";"12,1";"229"
"1942";"8";"13,1";"45"
"1942";"9";"12,3";"57"
"1942";"10";"7,8";"145"
"1942";"11";"-1,2";"114"
"1942";"12";"-3,0";"32"
"1943";"1";"-5,7";"73"
"1943";"2";"-1,8";"45"
"1943";"3";"1,4";"21"
"1943";"4";"4,2";"136"
"1943";"5";"8,2";"101"
"1943";"6";"10,0";"165"
"1943";"7";"12,9";"184"
"1943";"8";"14,1";"78"
"1943";"9";"10,7";"101"
"1943";"10";"6,5";"0"
"1943";"11";"-1,2";"93"
"1943";"12";"-3,7";"57"
"1944";"1";"-1,4";"206"
"1944";"2";"-6,1";"151"
"1944";"3";"-4,2";"128"
"1944";"4";"3,4";"91"
"1944";"5";"7,1";"92"
"1944";"6";"10,3";"180"
"1944";"7";"12,7";"276"
"1944";"8";"15,4";"64"
"1944";"9";"9,1";"166"
"1944";"10";"5,4";"92"
"1944";"11";"-0,2";"219"
"1944";"12";"-4,1";"73"
"1945";"1";"-9,1";"69"
"1945";"2";"-0,8";"174"
"1945";"3";"0,9";"118"
"1945";"4";"4,0";"124"
"1945";"5";"9,9";"129"
"1945";"6";"12,7";"100"
"1945";"7";"13,4";"153"
"1945";"8";"12,1";"122"
"1945";"9";"9,7";"111"
"1945";"10";"5,4";"84"
"1945";"11";"-0,8";"78"
"1945";"12";"-3,0";"86"
"1946";"1";"-5,9";"79"
"1946";"2";"-1,7";"218"
"1946";"3";"0,4";"22"
"1946";"4";"5,5";"18"
"1946";"5";"10,5";"109"
"1946";"6";"10,9";"112"
"1946";"7";"14,3";"196"
"1946";"8";"12,4";"110"
"1946";"9";"10,7";"107"
"1946";"10";"2,9";"137"
"1946";"11";"-0,8";"32"
"1946";"12";"-5,6";"58"
"1947";"1";"-9,1";"81"
"1947";"2";"-7,8";"93"
"1947";"3";"-0,5";"131"
"1947";"4";"4,7";"90"
"1947";"5";"10,3";"35"
"1947";"6";"13,3";"103"
"1947";"7";"14,6";"122"
"1947";"8";"13,9";"40"
"1947";"9";"13,1";"12"
"1947";"10";"4,2";"16"
"1947";"11";"0,8";"294"
"1947";"12";"-3,4";"339"
"1948";"1";"-0,9";"244"
"1948";"2";"-3,6";"273"
"1948";"3";"1,4";"81"
"1948";"4";"5,5";"31"
"1948";"5";"10,1";"69"
"1948";"6";"10,9";"139"
"1948";"7";"11,3";"321"
"1948";"8";"12,1";"150"
"1948";"9";"9,7";"48"
"1948";"10";"5,1";"48"
"1948";"11";"-0,1";"40"
"1948";"12";"-4,0";"32"
"1949";"1";"-3,5";"88"
"1949";"2";"-3,3";"43"
"1949";"3";"-2,4";"92"
"1949";"4";"5,6";"108"
"1949";"5";"8,3";"181"
"1949";"6";"10,1";"84"
"1949";"7";"13,1";"75"
"1949";"8";"13,0";"110"
"1949";"9";"12,1";"50"
"1949";"10";"6,9";"21"
"1949";"11";"0,1";"61"
"1949";"12";"-0,8";"136"
"1950";"1";"-5,1";"122"
"1950";"2";"-1,6";"154"
"1950";"3";"0,6";"23"
"1950";"4";"2,8";"99"
"1950";"5";"10,2";"73"
"1950";"6";"13,8";"88"
"1950";"7";"14,8";"122"
"1950";"8";"13,8";"70"
"1950";"9";"9,3";"154"
"1950";"10";"3,8";"74"
"1950";"11";"0,0";"207"
"1950";"12";"-5,4";"57"
"1951";"1";"-3,0";"123"
"1951";"2";"-2,1";"65"
"1951";"3";"-1,7";"120"
"1951";"4";"2,9";"22"
"1951";"5";"8,0";"125"
"1951";"6";"11,7";"152"
"1951";"7";"13,6";"101"
"1951";"8";"13,7";"126"
"1951";"9";"11,0";"93"
"1951";"10";"4,4";"0"
"1951";"11";"2,2";"137"
"1951";"12";"-2,3";"69"
"1952";"1";"-4,4";"131"
"1952";"2";"-4,7";"93"
"1952";"3";"-2,2";"210"
"1952";"4";"5,9";"51"
"1952";"5";"7,5";"106"
"1952";"6";"11,6";"135"
"1952";"7";"15,3";"53"
"1952";"8";"14,6";"96"
"1952";"9";"6,6";"203"
"1952";"10";"3,5";"160"
"1952";"11";"-2,3";"220"
"1952";"12";"-4,9";"142"
"1953";"1";"-5,4";"74"
"1953";"2";"-4,7";"92"
"1953";"3";"0,1";"21"
"1953";"4";"5,0";"66"
"1953";"5";"8,5";"95"
"1953";"6";"11,9";"158"
"1953";"7";"13,6";"203"
"1953";"8";"11,7";"67"
"1953";"9";"10,4";"18"
"1953";"10";"7,4";"14"
"1953";"11";"-0,5";"15"
"1953";"12";"-1,6";"39"
"1954";"1";"-8,2";"156"
"1954";"2";"-7,4";"29"
"1954";"3";"0,5";"84"
"1954";"4";"1,4";"121"
"1954";"5";"7,2";"112"
"1954";"6";"12,1";"91"
"1954";"7";"10,2";"412"
"1954";"8";"12,0";"142"
"1954";"9";"10,1";"151"
"1954";"10";"5,3";"139"
"1954";"11";"-0,4";"55"
"1954";"12";"-1,2";"180"
"1955";"1";"-5,1";"97"
"1955";"2";"-5,5";"112"
"1955";"3";"-3,9";"74"
"1955";"4";"1,6";"133"
"1955";"5";"6,0";"139"
"1955";"6";"10,8";"178"
"1955";"7";"12,9";"252"
"1955";"8";"12,0";"113"
"1955";"9";"9,3";"94"
"1955";"10";"4,2";"55"
"1955";"11";"-0,6";"52"
"1955";"12";"-1,6";"196"
"1956";"1";"-4,2";"104"
"1956";"2";"-13,9";"39"
"1956";"3";"-1,9";"129"
"1956";"4";"1,5";"103"
"1956";"5";"7,9";"87"
"1956";"6";"9,5";"162"
"1956";"7";"12,9";"213"
"1956";"8";"11,0";"202"
"1956";"9";"10,3";"59"
"1956";"10";"4,5";"181"
"1956";"11";"-1,9";"143"
"1956";"12";"-3,2";"149"
"1957";"1";"-4,9";"114"
"1957";"2";"-0,6";"179"
"1957";"3";"2,0";"140"
"1957";"4";"3,3";"62"
"1957";"5";"5,2";"57"
"1957";"6";"13,0";"183"
"1957";"7";"13,5";"323"
"1957";"8";"10,7";"142"
"1957";"9";"7,9";"200"
"1957";"10";"4,8";"12"
"1957";"11";"0,4";"36"
"1957";"12";"-3,4";"103"
"1958";"1";"-5,2";"117"
"1958";"2";"-2,6";"219"
"1958";"3";"-5,4";"70"
"1958";"4";"0,7";"110"
"1958";"5";"10,4";"99"
"1958";"6";"10,7";"232"
"1958";"7";"12,8";"173"
"1958";"8";"12,9";"165"
"1958";"9";"10,1";"147"
"1958";"10";"5,2";"174"
"1958";"11";"1,0";"34"
"1958";"12";"-2,8";"131"
"1959";"1";"-4,2";"133"
"1959";"2";"-4,4";"33"
"1959";"3";"1,9";"37"
"1959";"4";"4,9";"118"
"1959";"5";"8,3";"143"
"1959";"6";"11,9";"160"
"1959";"7";"14,3";"107"
"1959";"8";"12,3";"126"
"1959";"9";"8,8";"6"
"1959";"10";"4,4";"53"
"1959";"11";"-0,1";"31"
"1959";"12";"-1,8";"138"
"1960";"1";"-5,0";"138"
"1960";"2";"-4,4";"90"
"1960";"3";"0,1";"95"
"1960";"4";"3,1";"77"
"1960";"5";"8,3";"91"
"1960";"6";"12,0";"136"
"1960";"7";"11,0";"160"
"1960";"8";"11,9";"169"
"1960";"9";"8,5";"64"
"1960";"10";"5,5";"206"
"1960";"11";"1,7";"81"
"1960";"12";"-2,8";"78"
"1961";"1";"-5,5";"56"
"1961";"2";"-0,4";"155"
"1961";"3";"1,3";"112"
"1961";"4";"7,2";"116"
"1961";"5";"5,9";"133"
"1961";"6";"12,0";"177"
"1961";"7";"11,0";"96"
"1961";"8";"11,9";"170"
"1961";"9";"13,0";"74"
"1961";"10";"6,8";"90"
"1961";"11";"0,1";"53"
"1961";"12";"-4,2";"147"
"1962";"1";"-3,4";"120"
"1962";"2";"-4,8";"109"
"1962";"3";"-4,1";"139"
"1962";"4";"4,2";"89"
"1962";"5";"5,1";"175"
"1962";"6";"9,9";"46"
"1962";"7";"11,2";"120"
"1962";"8";"12,8";"108"
"1962";"9";"8,7";"119"
"1962";"10";"5,3";"7"
"1962";"11";"-0,8";"53"
"1962";"12";"-7,3";"117"
"1963";"1";"-10,9";"56"
"1963";"2";"-9,3";"29"
"1963";"3";"-2,2";"78"
"1963";"4";"4,5";"15"
"1963";"5";"7,7";"94"
"1963";"6";"11,8";"191"
"1963";"7";"14,0";"91"
"1963";"8";"12,0";"118"
"1963";"9";"10,5";"122"
"1963";"10";"4,5";"50"
"1963";"11";"3,5";"141"
"1963";"12";"-6,4";"11"
"1964";"1";"-7,3";"39"
"1964";"2";"-3,9";"75"
"1964";"3";"-3,3";"58"
"1964";"4";"4,5";"106"
"1964";"5";"8,8";"146"
"1964";"6";"13,1";"135"
"1964";"7";"14,1";"46"
"1964";"8";"11,6";"185"
"1964";"9";"9,7";"104"
"1964";"10";"3,8";"173"
"1964";"11";"0,8";"164"
"1964";"12";"-4,3";"81"
"1965";"1";"-3,1";"132"
"1965";"2";"-7,8";"150"
"1965";"3";"-2,5";"141"
"1965";"4";"1,8";"138"
"1965";"5";"6,1";"198"
"1965";"6";"11,4";"245"
"1965";"7";"11,3";"190"
"1965";"8";"10,5";"110"
"1965";"9";"8,8";"148"
"1965";"10";"4,5";"6"
"1965";"11";"-2,0";"122"
"1965";"12";"-1,5";"236"
"1966";"1";"-7,4";"71"
"1966";"2";"1,3";"108"
"1966";"3";"-1,7";"155"
"1966";"4";"5,1";"149"
"1966";"5";"8,1";"92"
"1966";"6";"12,3";"296"
"1966";"7";"11,2";"222"
"1966";"8";"11,0";"176"
"1966";"9";"9,4";"86"
"1966";"10";"8,3";"87"
"1966";"11";"-2,0";"64"
"1966";"12";"-2,8";"251"
"1967";"1";"-4,4";"139"
"1967";"2";"-2,3";"108"
"1967";"3";"0,1";"137"
"1967";"4";"1,8";"75"
"1967";"5";"8,1";"168"
"1967";"6";"10,5";"116"
"1967";"7";"14,7";"117"
"1967";"8";"12,2";"113"
"1967";"9";"9,6";"174"
"1967";"10";"7,1";"62"
"1967";"11";"-0,1";"50"
"1967";"12";"-4,5";"216"
"1968";"1";"-6,3";"202"
"1968";"2";"-2,8";"48"
"1968";"3";"-0,9";"121"
"1968";"4";"4,2";"71"
"1968";"5";"7,2";"83"
"1968";"6";"11,9";"142"
"1968";"7";"11,8";"94"
"1968";"8";"11,4";"188"
"1968";"9";"9,0";"165"
"1968";"10";"6,0";"136"
"1968";"11";"0,2";"45"
"1968";"12";"-5,6";"77"
"1969";"1";"-4,0";"108"
"1969";"2";"-5,6";"66"
"1969";"3";"-2,3";"60"
"1969";"4";"2,7";"151"
"1969";"5";"9,5";"59"
"1969";"6";"10,4";"200"
"1969";"7";"13,8";"94"
"1969";"8";"11,4";"189"
"1969";"9";"10,1";"54"
"1969";"10";"6,2";"27"
"1969";"11";"0,9";"143"
"1969";"12";"-8,0";"42"
"1970";"1";"-5,4";"40"
"1970";"2";"-5,1";"310"
"1970";"3";"-3,3";"152"
"1970";"4";"0,7";"149"
"1970";"5";"5,7";"176"
"1970";"6";"12,7";"94"
"1970";"7";"12,3";"115"
"1970";"8";"12,3";"133"
"1970";"9";"9,2";"61"
"1970";"10";"4,8";"282"
"1970";"11";"1,9";"120"
"1970";"12";"-4,1";"81"
"1971";"1";"-4,8";"48"
"1971";"2";"-4,2";"80"
"1971";"3";"-4,1";"48"
"1971";"4";"4,3";"79"
"1971";"5";"9,5";"130"
"1971";"6";"9,7";"181"
"1971";"7";"13,8";"26"
"1971";"8";"14,1";"113"
"1971";"9";"7,6";"86"
"1971";"10";"4,1";"15"
"1971";"11";"-0,6";"121"
"1971";"12";"-0,8";"74"
"1972";"1";"-5,3";"13"
"1972";"2";"-1,3";"13"
"1972";"3";"1,6";"52"
"1972";"4";"2,9";"127"
"1972";"5";"7,2";"151"
"1972";"6";"10,9";"103"
"1972";"7";"13,5";"144"
"1972";"8";"12,1";"48"
"1972";"9";"6,6";"72"
"1972";"10";"2,5";"73"
"1972";"11";"-0,4";"110"
"1972";"12";"-3,4";"9"
"1973";"1";"-4,1";"74"
"1973";"2";"-4,2";"147"
"1973";"3";"-1,6";"69"
"1973";"4";"0,4";"90"
"1973";"5";"8,2";"80"
"1973";"6";"11,8";"136"
"1973";"7";"12,3";"173"
"1973";"8";"13,7";"36"
"1973";"9";"10,3";"43"
"1973";"10";"3,4";"121"
"1973";"11";"-1,6";"150"
"1973";"12";"-4,9";"130"
"1974";"1";"-1,9";"139"
"1974";"2";"-1,0";"95"
"1974";"3";"2,4";"35"
"1974";"4";"3,5";"29"
"1974";"5";"6,6";"155"
"1974";"6";"9,4";"199"
"1974";"7";"10,9";"259"
"1974";"8";"14,0";"65"
"1974";"9";"9,6";"119"
"1974";"10";"0,9";"247"
"1974";"11";"-0,1";"130"
"1974";"12";"-0,3";"332"
"1975";"1";"-0,9";"117"
"1975";"2";"-2,6";"26"
"1975";"3";"-0,5";"88"
"1975";"4";"2,3";"102"
"1975";"5";"8,5";"85"
"1975";"6";"10,4";"175"
"1975";"7";"13,1";"140"
"1975";"8";"13,5";"177"
"1975";"9";"12,2";"78"
"1975";"10";"4,3";"45"
"1975";"11";"-1,3";"108"
"1975";"12";"-4,0";"46"
"1976";"1";"-3,1";"350"
"1976";"2";"-3,1";"21"
"1976";"3";"-3,5";"34"
"1976";"4";"2,8";"14"
"1976";"5";"8,3";"96"
"1976";"6";"12,9";"57"
"1976";"7";"14,7";"164"
"1976";"8";"10,6";"77"
"1976";"9";"8,3";"96"
"1976";"10";"6,7";"56"
"1976";"11";"0,8";"105"
"1976";"12";"-5,1";"89"
"1977";"1";"-3,8";"113"
"1977";"2";"-1,3";"148"
"1977";"3";"2,1";"82"
"1977";"4";"1,3";"143"
"1977";"5";"8,1";"45"
"1977";"6";"11,8";"168"
"1977";"7";"12,3";"181"
"1977";"8";"12,0";"188"
"1977";"9";"7,6";"83"
"1977";"10";"6,5";"55"
"1977";"11";"0,2";"207"
"1977";"12";"-2,5";"103"
"1978";"1";"-3,5";"85"
"1978";"2";"-5,7";"48"
"1978";"3";"-0,2";"135"
"1978";"4";"2,1";"25"
"1978";"5";"6,4";"164"
"1978";"6";"10,0";"145"
"1978";"7";"11,0";"190"
"1978";"8";"10,3";"181"
"1978";"9";"8,0";"164"
"1978";"10";"5,0";"84"
"1978";"11";"-0,3";"31"
"1978";"12";"-2,7";"169"
"1979";"1";"-8,0";"103"
"1979";"2";"-3,7";"67"
"1979";"3";"-0,2";"244"
"1979";"4";"1,2";"116"
"1979";"5";"8,3";"49"
"1979";"6";"13,0";"180"
"1979";"7";"10,7";"118"
"1979";"8";"11,3";"93"
"1979";"9";"9,0";"114"
"1979";"10";"5,4";"43"
"1979";"11";"-1,0";"142"
"1979";"12";"-0,1";"198"
"1980";"1";"-6,5";"109"
"1980";"2";"-1,8";"122"
"1980";"3";"-0,8";"103"
"1980";"4";"0,4";"198"
"1980";"5";"5,8";"34"
"1980";"6";"10,3";"177"
"1980";"7";"10,3";"361"
"1980";"8";"12,5";"77"
"1980";"9";"9,7";"65"
"1980";"10";"3,8";"132"
"1980";"11";"-1,7";"98"
"1980";"12";"-4,6";"140"
"1981";"1";"-6,6";"197"
"1981";"2";"-4,6";"92"
"1981";"3";"2,5";"137"
"1981";"4";"3,9";"68"
"1981";"5";"8,7";"108"
"1981";"6";"12,0";"64"
"1981";"7";"11,7";"318"
"1981";"8";"12,6";"88"
"1981";"9";"10,7";"98"
"1981";"10";"5,0";"274"
"1981";"11";"-0,2";"208"
"1981";"12";"-5,0";"189"
"1982";"1";"-5,8";"145"
"1982";"2";"-4,7";"21"
"1982";"3";"-0,3";"76"
"1982";"4";"0,9";"67"
"1982";"5";"8,4";"45"
"1982";"6";"12,0";"154"
"1982";"7";"14,6";"71"
"1982";"8";"12,8";"145"
"1982";"9";"12,2";"29"
"1982";"10";"5,9";"89"
"1982";"11";"2,7";"61"
"1982";"12";"-1,6";"198"
"1983";"1";"-1,3";"244"
"1983";"2";"-6,4";"74"
"1983";"3";"0,0";"83"
"1983";"4";"5,0";"173"
"1983";"5";"8,1";"112"
"1983";"6";"12,2";"88"
"1983";"7";"17,4";"35"
"1983";"8";"13,7";"201"
"1983";"9";"9,7";"74"
"1983";"10";"5,0";"70"
"1983";"11";"0,2";"120"
"1983";"12";"-2,7";"49"
"1984";"1";"-4,4";"189"
"1984";"2";"-5,3";"120"
"1984";"3";"-2,5";"28"
"1984";"4";"1,9";"50"
"1984";"5";"6,5";"175"
"1984";"6";"9,2";"90"
"1984";"7";"11,8";"174"
"1984";"8";"12,9";"82"
"1984";"9";"7,8";"318"
"1984";"10";"6,5";"44"
"1984";"11";"4,3";"84"
"1984";"12";"-1,9";"57"
"1985";"1";"-8,6";"151"
"1985";"2";"-6,9";"81"
"1985";"3";"-1,0";"55"
"1985";"4";"2,6";"116"
"1985";"5";"9,3";"121"
"1985";"6";"8,4";"160"
"1985";"7";"13,6";"143"
"1985";"8";"12,8";"205"
"1985";"9";"10,0";"101"
"1985";"10";"6,2";"24"
"1985";"11";"-3,7";"136"
"1985";"12";"-0,1";"96"
"1986";"1";"-5,1";"242"
"1986";"2";"-9,2";"10"
"1986";"3";"-0,5";"118"
"1986";"4";"4,0";"77"
"1986";"5";"10,6";"189"
"1986";"6";"11,3";"90"
"1986";"7";"12,5";"112"
"1986";"8";"12,8";"188"
"1986";"9";"8,6";"55"
"1986";"10";"6,4";"180"
"1986";"11";"2,0";"59"
"1986";"12";"-2,6";"234"
"1987";"1";"-8,1";"133"
"1987";"2";"-2,7";"108"
"1987";"3";"-5,8";"157"
"1987";"4";"4,7";"59"
"1987";"5";"5,5";"127"
"1987";"6";"10,1";"206"
"1987";"7";"13,5";"180"
"1987";"8";"11,3";"136"
"1987";"9";"11,5";"124"
"1987";"10";"6,6";"37"
"1987";"11";"0,8";"111"
"1987";"12";"-1,3";"155"
"1988";"1";"-0,4";"136"
"1988";"2";"-3,3";"160"
"1988";"3";"-2,9";"352"
"1988";"4";"4,0";"55"
"1988";"5";"9,9";"63"
"1988";"6";"10,8";"86"
"1988";"7";"13,4";"134"
"1988";"8";"13,4";"173"
"1988";"9";"8,7";"93"
"1988";"10";"7,5";"81"
"1988";"11";"-1,7";"116"
"1988";"12";"-2,4";"270"
"1989";"1";"-0,2";"50"
"1989";"2";"0,6";"105"
"1989";"3";"2,7";"68"
"1989";"4";"4,2";"97"
"1989";"5";"9,2";"66"
"1989";"6";"10,3";"70"
"1989";"7";"13,6";"128"
"1989";"8";"12,9";"129"
"1989";"9";"10,4";"135"
"1989";"10";"6,6";"123"
"1989";"11";"-0,3";"53"
"1989";"12";"-0,1";"144"
"1990";"1";"-1,6";"56"
"1990";"2";"1,5";"157"
"1990";"3";"2,6";"40"
"1990";"4";"2,3";"91"
"1990";"5";"10,1";"58"
"1990";"6";"11,0";"151"
"1990";"7";"12,6";"102"
"1990";"8";"14,7";"70"
"1990";"9";"6,7";"159"
"1990";"10";"7,7";"88"
"1990";"11";"-0,5";"170"
"1990";"12";"-4,2";"104"
"1991";"1";"-2,2";"96"
"1991";"2";"-5,5";"48"
"1991";"3";"3,3";"56"
"1991";"4";"2,4";"35"
"1991";"5";"4,4";"64"
"1991";"6";"9,5";"197"
"1991";"7";"14,9";"114"
"1991";"8";"14,0";"148"
"1991";"9";"11,0";"80"
"1991";"10";"4,3";"48"
"1991";"11";"0,5";"112"
"1991";"12";"-3,1";"185"
"1992";"1";"-2,3";"65"
"1992";"2";"-1,5";"92"
"1992";"3";"-0,3";"140"
"1992";"4";"2,6";"94"
"1992";"5";"10,1";"29"
"1992";"6";"12,8";"107"
"1992";"7";"14,7";"141"
"1992";"8";"16,8";"117"
"1992";"9";"10,1";"123"
"1992";"10";"2,7";"153"
"1992";"11";"1,2";"181"
"1992";"12";"-0,8";"84"
"1993";"1";"-1,7";"155"
"1993";"2";"-2,4";"78"
"1993";"3";"-1,5";"52"
"1993";"4";"6,0";"76"
"1993";"5";"11,1";"104"
"1993";"6";"11,3";"245"
"1993";"7";"11,7";"199"
"1993";"8";"13,0";"94"
"1993";"9";"9,2";"114"
"1993";"10";"5,7";"72"
"1993";"11";"-1,6";"59"
"1993";"12";"-2,0";"297"
"1994";"1";"-1,8";"146"
"1994";"2";"-3,4";"69"
"1994";"3";"1,8";"135"
"1994";"4";"3,0";"70"
"1994";"5";"8,7";"108"
"1994";"6";"12,4";"99"
"1994";"7";"17,8";"79"
"1994";"8";"14,5";"161"
"1994";"9";"10,1";"91"
"1994";"10";"4,7";"123"
"1994";"11";"3,8";"95"
"1994";"12";"-1,2";"242"
"1995";"1";"-4,5";"238"
"1995";"2";"-0,7";"115"
"1995";"3";"-2,3";"189"
"1995";"4";"4,1";"132"
"1995";"5";"8,6";"104"
"1995";"6";"10,0";"181"
"1995";"7";"16,4";"82"
"1995";"8";"13,3";"168"
"1995";"9";"7,9";"196"
"1995";"10";"9,8";"47"
"1995";"11";"-0,6";"166"
"1995";"12";"-3,5";"101"
"1996";"1";"-2,0";"18"
"1996";"2";"-5,7";"79"
"1996";"3";"-3,7";"32"
"1996";"4";"4,7";"25"
"1996";"5";"8,7";"129"
"1996";"6";"12,4";"110"
"1996";"7";"11,6";"160"
"1996";"8";"12,6";"153"
"1996";"9";"5,9";"80"
"1996";"10";"5,6";"164"
"1996";"11";"0,7";"135"
"1996";"12";"-3,7";"69"
"1997";"1";"-1,1";"12"
"1997";"2";"-0,9";"167"
"1997";"3";"1,6";"99"
"1997";"4";"0,7";"118"
"1997";"5";"8,9";"95"
"1997";"6";"11,8";"104"
"1997";"7";"12,5";"197"
"1997";"8";"14,8";"106"
"1997";"9";"10,6";"32"
"1997";"10";"3,4";"132"
"1997";"11";"1,4";"48"
"1997";"12";"-1,6";"170"
"1998";"1";"-1,7";"73"
"1998";"2";"0,7";"26"
"1998";"3";"-1,0";"127"
"1998";"4";"5,0";"48"
"1998";"5";"9,7";"64"
"1998";"6";"12,6";"174"
"1998";"7";"12,6";"144"
"1998";"8";"13,6";"104"
"1998";"9";"9,3";"274"
"1998";"10";"4,6";"361"
"1998";"11";"-3,2";"165"
"1998";"12";"-2,9";"80"
"1999";"1";"-1,6";"145"
"1999";"2";"-5,7";"210"
"1999";"3";"1,2";"108"
"1999";"4";"4,1";"76"
"1999";"5";"9,9";"119"
"1999";"6";"11,1";"109"
"1999";"7";"14,5";"108"
"1999";"8";"13,1";"78"
"1999";"9";"12,9";"91"
"1999";"10";"5,0";"55"
"1999";"11";"-0,9";"51"
"1999";"12";"-4,0";"205"
"2000";"1";"-4,7";"101"
"2000";"2";"-1,7";"174"
"2000";"3";"-0,4";"233"
"2000";"4";"6,6";"39"
"2000";"5";"10,9";"140"
"2000";"6";"13,7";"54"
"2000";"7";"10,7";"236"
"2000";"8";"14,8";"92"
"2000";"9";"10,6";"124"
"2000";"10";"7,6";"102"
"2000";"11";"2,4";"52"
"2000";"12";"0,1";"95"
"2001";"1";"-2,9";"77"
"2001";"2";"-1,9";"91"
"2001";"3";"1,3";"261"
"2001";"4";"2,3";"126"
"2001";"5";"11,2";"64"
"2001";"6";"9,8";"203"
"2001";"7";"14,1";"117"
"2001";"8";"14,8";"152"
"2001";"9";"6,7";"228"
"2001";"10";"9,8";"72"
"2001";"11";"-1,4";"157"
"2001";"12";"-5,7";"197"
"2002";"1";"-2,6";"87"
"2002";"2";"0,3";"223"
"2002";"3";"1,8";"154"
"2002";"4";"3,3";"59"
"2002";"5";"10,9";"78"
"2002";"6";"14,3";"99"
"2002";"7";"14,0";"157"
"2002";"8";"14,5";"346"
"2002";"9";"8,2";"103"
"2002";"10";"4,0";"255"
"2002";"11";"2,8";"193"
"2002";"12";"-1,3";"154"
"2003";"1";"-4,8";"196"
"2003";"2";"-4,8";"64"
"2003";"3";"1,3";"22"
"2003";"4";"3,4";"55"
"2003";"5";"11,2";"87"
"2003";"6";"16,3";"138"
"2003";"7";"14,7";"112"
"2003";"8";"17,9";"44"
"2003";"9";"10,2";"70"
"2003";"10";"1,6";"165"
"2003";"11";"3,2";"29"
"2003";"12";"-0,7";"132"
"2004";"1";"-6,1";"218"
"2004";"2";"-3,0";"85"
"2004";"3";"-1,1";"66"
"2004";"4";"4,9";"91"
"2004";"5";"6,8";"93"
"2004";"6";"10,8";"107"
"2004";"7";"13,0";"109"
"2004";"8";"14,1";"122"
"2004";"9";"9,6";"153"
"2004";"10";"7,0";"68"
"2004";"11";"0,1";"143"
"2004";"12";"-1,2";"82"
"2005";"1";"-3,8";"178"
"2005";"2";"-6,5";"182"
"2005";"3";"-1,3";"61"
"2005";"4";"5,0";"79"
"2005";"5";"9,3";"119"
"2005";"6";"12,5";"115"
"2005";"7";"13,6";"183"
"2005";"8";"11,5";"138"
"2005";"9";"11,0";"102"
"2005";"10";"8,0";"24"
"2005";"11";"0,1";"72"
"2005";"12";"-4,6";"134"
"2006";"1";"-4,3";"69"
"2006";"2";"-4,7";"158"
"2006";"3";"-2,8";"237"
"2006";"4";"3,7";"136"
"2006";"5";"8,3";"227"
"2006";"6";"13,1";"149"
"2006";"7";"17,9";"43"
"2006";"8";"10,5";"266"
"2006";"9";"13,4";"32"
"2006";"10";"9,2";"59"
"2006";"11";"3,3";"118"
"2006";"12";"0,9";"85"
"2007";"1";"-0,9";"203"
"2007";"2";"0,1";"159"
"2007";"3";"1,7";"99"
"2007";"4";"8,2";"12"
"2007";"5";"10,4";"137"
"2007";"6";"13,7";"155"
"2007";"7";"13,6";"233"
"2007";"8";"13,5";"80"
"2007";"9";"7,9";"196"
"2007";"10";"4,6";"30"
"2007";"11";"-0,9";"226"
"2007";"12";"-1,7";"236"
"2008";"1";"-0,9";"127"
"2008";"2";"-0,2";"127"
"2008";"3";"-1,0";"225"
"2008";"4";"3,7";"101"
"2008";"5";"10,7";"45"
"2008";"6";"13,2";"97"
"2008";"7";"13,7";"190"
"2008";"8";"13,3";"137"
"2008";"9";"8,0";"94"
"2008";"10";"5,8";"124"
"2008";"11";"2,0";"85"
"2008";"12";"-2,2";"76"
"2009";"1";"-4,7";"33"
"2009";"2";"-3,7";"136"
"2009";"3";"-0,9";"176"
"2009";"4";"8,7";"129"
"2009";"5";"10,0";"176"
"2009";"6";"10,9";"148"
"2009";"7";"14,1";"222"
"2009";"8";"15,2";"93"
"2009";"9";"11,4";"45"
"2009";"10";"4,1";"112"
"2009";"11";"3,4";"117"
"2009";"12";"-3,6";"131"
"2010";"1";"-6,4";"96"
"2010";"2";"-3,6";"65"
"2010";"3";"-1,2";"120"
"2010";"4";"4,7";"32"
"2010";"5";"7,2";"150"
"2010";"6";"12,9";"100"
"2010";"7";"16,4";"135"
"2010";"8";"12,6";"322"
"2010";"9";"8,0";"75"
"2010";"10";"4,7";"46"
"2010";"11";"1,2";"113"
"2010";"12";"-6,1";"174"
"2011";"1";"-3,0";"136"
"2011";"2";"-2,4";"40"
"2011";"3";"1,7";"39"
"2011";"4";"7,2";"48"
"2011";"5";"10,2";"97"
"2011";"6";"12,4";"136"
"2011";"7";"12,0";"233"
"2011";"8";"14,6";"117"
"2011";"9";"11,9";"91"
"2011";"10";"6,0";"133"
"2011";"11";"4,6";"0"
"2011";"12";"-1,6";"230"
"2012";"1";"-3,7";"209"
"2012";"2";"-7,9";"59"
"2012";"3";"3,2";"23"
"2012";"4";"4,3";"91"
"2012";"5";"10,7";"62"
"2012";"6";"13,0";"168"
"2012";"7";"14,0";"174"
"2012";"8";"15,1";"188"
"2012";"9";"10,2";"78"
"2012";"10";"6,0";"76"
"2012";"11";"3,0";"94"
"2012";"12";"-3,2";"255"
"2013";"1";"-3,7";"121"
"2013";"2";"-5,5";"114"
"2013";"3";"-2,7";"50"
"2013";"4";"4,5";"98"
"2013";"5";"7,8";"195"
"2013";"6";"11,9";"186"
"2013";"7";"16,2";"33"
"2013";"8";"14,7";"157"
"2013";"9";"8,7";"141"
"2013";"10";"7,1";"78"
"2013";"11";"0,2";"121"
"2013";"12";"0,5";"59"
"2014";"1";"-0,5";"48"
"2014";"2";"0,5";"42"
"2014";"3";"3,8";"53"
"2014";"4";"6,7";"75"
"2014";"5";"8,2";"185"
"2014";"6";"13,0";"64"
"2014";"7";"15,3";"166"
"2014";"8";"11,8";"207"
"2014";"9";"11,1";"103"
"2014";"10";"8,4";"119"
"2014";"11";"5,4";"28"
"2014";"12";"-1,8";"134"
"2015";"1";"-2,5";"167"
"2015";"2";"-2,6";"18"
"2015";"3";"0,9";"110"
"2015";"4";"4,2";"56"
"2015";"5";"8,7";"93"
"2015";"6";"12,7";"112"
"2015";"7";"16,6";"60"
"2015";"8";"17,8";"51"
"2015";"9";"9,0";"43"
"2015";"10";"6,1";"62"
"2015";"11";"3,6";"222"
"2015";"12";"2,9";"84"
"2016";"1";"-2,8";"169"
"2016";"2";"-0,9";"190"
"2016";"3";"-0,5";"57"
"2016";"4";"4,6";"60"
"2016";"5";"9,3";"72"
"2016";"6";"12,9";"235"
"2016";"7";"14,8";"183"
"2016";"8";"14,2";"97"
"2016";"9";"13,1";"68"
"2016";"10";"4,3";"109"
"2016";"11";"0,2";"111"
"2016";"12";"-0,4";"53"
"2017";"1";"-7,8";"106"
"2017";"2";"0,1";"81"
"2017";"3";"2,7";"136"
"2017";"4";"2,7";"103"
"2017";"5";"10,5";"57"
"2017";"6";"14,7";"128"
"2017";"7";"14,5";"130"
"2017";"8";"15,4";"102"
"2017";"9";"8,0";"56"
"2017";"10";"6,5";"215"
"2017";"11";"0,2";"135"
"2017";"12";"-3,1";"161"
"2018";"1";"-0,7";"214"
"2018";"2";"-7,2";"29"
"2018";"3";"-1,5";"80"
"2018";"4";"9,6";"31"
"2018";"5";"12,4";"101"
"2018";"6";"13,4";"100"
"2018";"7";"16,0";"56"
"2018";"8";"17,0";"64"
"2018";"9";"11,8";"89"
"2018";"10";"8,1";"61"
"2018";"11";"3,4";"24"
"2018";"12";"-1,5";"234"
"2019";"1";"-5,4";"171"
"2019";"2";"0,3";"67"
"2019";"3";"1,7";"146"
"2019";"4";"6,0";"33"
"2019";"5";"6,4";"119"
"2019";"6";"17,5";"61"
"2019";"7";"15,9";"76"
"2019";"8";"15,2";"173"
"2019";"9";"10,3";"83"
"2019";"10";"8,1";"150"
"2019";"11";"2,5";"70"
"2019";"12";"0,1";"70"
"2020";"1";"0,0";"41"
"2020";"2";"-0,3";"158"
"2020";"3";"0,2";"65"
"2020";"4";"7,3";"35"
"2020";"5";"8,1";"101"
"2020";"6";"12,3";"168"
"2020";"7";"14,5";"72"
"2020";"8";"15,7";"176"
"2020";"9";"11,7";"65"
"2020";"10";"5,7";"126"
"2020";"11";"3,6";"46"
"2020";"12";"-0,2";"78"
"2021";"1";"-4,3";"91"
"2021";"2";"-0,2";"57"
"2021";"3";"0,0";"43"
"2021";"4";"1,7";"31"
"2021";"5";"5,9";"185"
"2021";"6";"15,7";"239"
"2021";"7";"14,4";"186"
"2021";"8";"12,1";"165"
"2021";"9";"11,6";"47"
"2021";"10";"6,2";"40"
"2021";"11";"1,4";"65"
"2021";"12";"-1,8";"103"
"2022";"1";"-2,3";"96"
"2022";"2";"-1,6";"71"
"2022";"3";"1,5";"24"
"2022";"4";"2,9";"72"
"2022";"5";"10,7";"113"
"2022";"6";"15,2";"170"
"2022";"7";"15,6";"62"
"2022";"8";"15,7";"149"
"2022";"9";"8,6";"228"
"2022";"10";"9,8";"94"
"2022";"11";"3,1";"92"
"2022";"12";"-1,5";"119"
